name,absrel,rmse,delta1,delta2,delta3,scale_used,n_valid
34FC1D2F-CD27-4F54-A1BA-6E283887AE9A,0.000000,0.000000,1.000000,1.000000,1.000000,1.000000,6909325
404109_4187632443655_1835731709_n,0.000000,0.000000,1.000000,1.000000,1.000000,1.000000,590091
A7E23D73-A2F8-4CB7-9F50-6E6EA61E5029,0.000000,0.000000,1.000000,1.000000,1.000000,1.000000,2533026
WhatsApp Image 2024-05-14 at 10.35.41,0.000000,0.000000,1.000000,1.000000,1.000000,1.000000,1670896

__mean__,0.000000,0.000000,1.000000,1.000000,1.000000,-,4
